source,url,date,rating,text
forum-technicien-territorial,https://www.technicien-territorial.fr/viewtopic.php?t=2400,,,"L'inconvénient de ce logiciel c'est les mises à jour qui prennent toujours un peu temps à paraitre suite à la modification du CMP par exemple."
forum-technicien-territorial,https://www.technicien-territorial.fr/viewtopic.php?t=2400,,,"très inabordable à mon goût"
blog-test,https://www.leblogdudirigeant.com/test-du-logiciel-batappli/,,,"Il faut s'inscrire puis attendre un appel du service commercial pour installer le logiciel."
capterra,https://www.capterra.com/p/70808/PlanSwift/reviews/,,,"The takeoff page of Planswift is not linked to the workbook. Hence the quantities in workbook does not update itself."
capterra,https://www.capterra.com/p/70808/PlanSwift/reviews/,,,"most of the plug-ins should be part of the base program"
capterra,https://www.capterra.com/p/70808/PlanSwift/reviews/,,,"it could take up to 3 days to have someone call back to resolve the issue"
capterra,https://www.capterra.com/p/70808/PlanSwift/reviews/,,,"you usually have to be at your specific workstation where the software is installed"
capterra,https://www.capterra.com/p/70808/PlanSwift/reviews/,,,"you will spend much more time creating your conditions and take off items. It is not as user-friendly as PlanSwift."
capterra,https://www.capterra.com/p/70808/PlanSwift/reviews/,,,"Bluebeam Revu wasn't very intuitive and was all too hard to get it do what I needed. It was good for document control, but not very good for estimating."
capterra,https://www.capterra.com/p/121585/On-Screen-Takeoff/reviews/,,,"The software had lots of menus and was sometimes confusing and difficult to navigate."
capterra,https://www.capterra.com/p/121585/On-Screen-Takeoff/reviews/,,,"very slow to respond to problems with their software"
capterra,https://www.capterra.com/p/121585/On-Screen-Takeoff/reviews/,,,"not keeping up with innovation that other software companies offer"
